"date","IVV","VEA","IEF","TLT","TIP","EMB","HYG","GLD","RWX","SHY"
"2010-01-08",93.16687,26.084736,71.577858,66.67115,85.393066,62.993698,48.501678,111.370003,20.347063,75.835213
"2010-01-15",92.388847,25.908195,72.454887,68.007744,85.711365,62.975258,48.177189,110.860001,20.136602,76.008316
"2010-01-22",88.83107,24.436975,72.905434,68.694649,85.858307,62.85815,46.92786,107.169998,19.175278,76.154137
"2010-01-29",87.250725,23.789639,72.977898,68.926102,86.103188,62.347038,46.635803,105.959999,18.987564,76.181404
"2010-02-05",86.74015,23.186436,73.333046,68.922371,85.946136,61.282005,46.299526,104.68,18.953432,76.330978
"2010-02-12",87.842354,23.65723,72.751839,67.5811,85.062897,62.012211,45.727242,107.040001,18.92499,76.21244
"2010-02-19",90.378983,24.06181,72.307838,67.026566,84.923859,62.451572,47.291481,109.470001,19.141146,76.084778
"2010-02-26",89.998077,23.966188,73.220039,68.690109,84.981102,63.175632,47.509491,109.43,19.28335,76.303589
"2010-03-05",92.891335,25.091677,73.045235,67.855698,84.927132,63.804302,48.226608,110.809998,20.062651,76.189537
"2010-03-12",93.855713,25.312355,72.964279,68.013557,85.229744,64.593933,48.429745,107.949997,19.909067,76.107376
"2010-03-19",94.674263,25.179934,73.045235,68.599876,85.205162,65.085213,48.369339,108.279999,19.883163,76.070885
"2010-03-26",95.270988,25.173307,72.308609,66.863441,84.640816,64.730759,48.665836,108.589996,19.871735,76.025261
"2010-04-01",96.206932,25.850281,72.296013,67.112442,84.961372,64.854668,48.405823,110.260002,20.431658,76.070839
"2010-04-09",97.582367,25.975372,72.304138,67.135071,85.306358,65.060837,48.925816,113.639999,20.568785,76.034286
"2010-04-16",97.492851,25.784046,73.002281,67.799049,85.955231,65.79171,48.936916,111.239998,20.391665,76.226151
"2010-04-23",99.405434,25.651608,72.71817,67.987633,85.979897,65.40435,49.550934,113.190002,20.580217,76.089111
"2010-04-30",97.045212,24.768591,73.643585,69.511726,87.113396,65.154526,49.456894,115.360001,20.203123,76.326683
"2010-05-07",90.713364,22.340294,74.842903,72.366089,87.337952,62.412891,47.072113,118.269997,18.403351,76.535187
"2010-05-14",93.008453,22.774445,74.85923,71.836082,87.691658,64.684517,47.902344,120.370003,18.746166,76.608307
"2010-05-21",89.036781,22.053312,76.080521,74.523895,87.329773,63.429462,46.971817,115.220001,17.974833,76.663261
"2010-05-28",89.280968,21.913506,75.803696,73.062653,87.28035,63.969139,47.144562,118.879997,17.957697,76.672363
"2010-06-04",87.197456,21.302752,76.407928,74.290283,87.620193,64.038467,46.916012,119.190002,17.626308,76.774002
"2010-06-11",89.51696,22.2152,76.260948,74.00161,87.42173,64.422928,47.309036,120.010002,18.460482,76.728241
"2010-06-18",91.649315,22.987837,76.375252,74.214333,87.851692,65.37471,48.437611,122.830002,18.847326,76.783096
"2010-06-25",88.51458,22.583126,77.118233,75.247498,88.182442,65.236061,48.117554,122.760002,18.78969,76.92955
"2010-07-02",83.879166,21.722187,77.940857,76.803337,87.72673,65.439384,47.907646,118.489998,18.178747,76.968872
"2010-07-09",88.547287,23.142368,77.490608,75.607018,87.660431,66.256058,48.9823,118.360001,19.072117,76.941422
"2010-07-16",87.517174,22.899538,78.472946,76.810974,87.652122,66.851196,49.050194,116.669998,19.014479,77.069672
"2010-07-23",90.566597,23.834063,78.161858,76.033722,87.560921,67.81356,50.254959,116.089996,20.109577,77.042191
"2010-07-30",90.493011,24.025383,78.824982,76.567154,88.182701,68.155418,50.124878,115.489998,20.259432,77.142921
"2010-08-06",92.201653,24.842173,79.516869,76.524338,88.915237,69.518982,50.323593,117.839996,20.743591,77.226357
"2010-08-13",88.857956,23.466137,80.493622,78.19857,89.056389,69.766876,49.606102,118.739998,19.942436,77.208
"2010-08-20",88.212097,23.333685,80.682358,81.065331,88.998245,70.923843,49.959133,119.970001,20.092293,77.272186
"2010-08-27",87.656158,23.407267,80.493622,80.537849,89.247444,70.014809,49.55481,121.010002,20.426584,77.208
"2010-09-03",90.983521,24.334438,80.08551,79.420303,89.205696,70.368835,50.394566,121.860001,21.325718,77.226265
"2010-09-10",91.506737,24.474249,79.63295,78.454193,89.330322,69.494377,50.664154,121.730003,21.366068,77.162071
"2010-09-17",92.741241,24.783298,80.036118,77.955788,89.213997,69.890121,51.04845,124.540001,21.510799,77.336411
"2010-09-24",94.652939,25.644241,80.867226,79.358978,90.310593,70.247536,50.905083,126.690002,22.266586,77.391441
"2010-10-01",94.537872,25.688396,81.511574,80.509178,90.846741,71.131889,51.511772,128.910004,22.737507,77.432755
"2010-10-08",96.116249,26.358007,82.460037,80.209053,92.776451,72.073875,51.748486,131.660004,23.353752,77.552147
"2010-10-15",97.102722,26.696501,81.478569,77.169044,92.743187,72.451958,51.869732,133.679993,23.615376,77.506226
"2010-10-22",97.645287,26.556698,81.668289,78.023308,93.001038,72.02906,52.112209,129.729996,23.458405,77.56134
"2010-10-29",97.735718,26.431602,81.462082,77.284508,92.842987,72.426331,52.389374,132.619995,23.481661,77.588875
"2010-11-05",101.23774,27.454422,82.177177,75.646942,92.955582,73.126297,53.348938,136.380005,24.301401,77.55854
"2010-11-12",99.141449,26.644999,81.044525,73.971565,91.713387,71.292816,52.20396,133.690002,23.086327,77.347145
"2010-11-19",99.182564,26.836319,80.341835,74.573769,91.1548,70.482224,52.430614,132.199997,22.906097,77.347145
"2010-11-26",98.072792,25.747261,80.41626,74.944374,91.288177,69.800331,51.471607,133.110001,22.254963,77.383888
"2010-12-03",101.344612,26.644999,79.478203,73.515198,90.63604,70.364235,52.317162,138.070007,23.254925,77.415131
"2010-12-10",102.701027,26.762728,77.480843,72.167198,88.673737,69.634148,52.299614,135.410004,23.272362,77.166824
"2010-12-17",103.087379,26.725945,77.712898,72.236946,89.625633,68.46476,52.358112,134.199997,23.132605,77.231277
"2010-12-23",104.160301,27.025888,77.381409,71.996742,89.36676,69.349907,52.761826,134.660004,23.661165,77.111664
"2010-12-31",104.292473,27.259655,77.960587,73.168404,90.00502,69.479729,53.166092,138.720001,24.208399,77.303078
"2011-01-07",105.424202,26.912783,77.977211,71.792442,90.055222,69.401917,53.442833,133.580002,23.822845,77.321472
"2011-01-14",107.150703,27.855375,78.018806,71.395943,90.205925,69.972893,53.796131,132.690002,24.401159,77.339859
"2011-01-21",106.440292,27.802586,77.678078,71.147186,89.56971,69.304558,53.737236,131.029999,24.015623,77.293892
"2011-01-28",105.853775,27.583904,78.251465,71.458145,89.996628,68.681625,53.754913,130.279999,23.916122,77.413498
"2011-02-04",108.736801,28.488792,76.481979,69.283455,88.725609,68.573807,54.445843,131.660004,24.363848,77.135338
"2011-02-11",110.364166,28.481247,76.457016,69.790596,88.407036,68.1502,54.493271,132.320007,24.046711,77.015533
"2011-02-18",111.553703,29.024181,76.815224,69.814011,89.253807,68.710693,54.736256,135.410004,24.531752,77.162933
"2011-02-25",109.686798,28.579279,77.814842,71.990562,90.913773,68.665039,54.546627,137.380005,24.506872,77.282715
"2011-03-04",109.835464,28.69994,77.485939,71.072227,91.287605,69.194931,54.866295,139.350006,24.786707,77.338921
"2011-03-11",108.563301,27.810123,78.037056,71.651375,91.766678,69.528687,54.377316,138.220001,24.195951,77.403481
"2011-03-18",106.382462,27.154083,78.872002,73.14621,92.649208,69.319267,54.377316,138.369995,23.637186,77.477234
"2011-03-25",109.315689,27.79656,77.794914,72.136604,91.531311,69.698845,54.741093,139.259995,24.224682,77.274368
"2011-04-01",110.875801,28.430197,77.82708,72.455811,91.988144,69.916687,54.776478,139.199997,24.618431,77.27166
"2011-04-08",110.618568,28.686661,77.056862,70.640266,92.089554,70.199287,55.226547,143.660004,24.730927,77.234764
"2011-04-15",110.004448,28.543337,78.203804,72.833107,93.247215,70.146729,55.112522,145.050003,24.705917,77.465454
"2011-04-21",111.373703,29.08646,78.245712,72.778061,93.112007,70.284729,55.454609,146.740005,25.21217,77.474686
"2011-04-29",113.63916,29.886023,79.091248,73.791916,93.931702,70.974846,55.718609,152.369995,25.912157,77.622269
"2011-05-06",111.70562,28.860153,79.914719,75.038994,94.249435,71.11805,55.738567,145.300003,25.33716,77.701691
"2011-05-13",111.614365,28.392475,80.065788,75.046951,93.765175,71.560226,55.672123,145.630005,24.93092,77.738617
"2011-05-20",111.274117,28.339678,80.309151,75.236359,93.535805,71.817619,55.877441,147.490005,25.205914,77.784813
"2011-05-27",111.199425,28.513172,80.947044,76.144073,94.427834,71.507477,55.641926,149.699997,25.437164,77.904839
"2011-06-03",108.610306,28.581053,81.572777,76.311348,94.660858,71.999756,55.21328,150.220001,25.512159,77.938103
"2011-06-10",106.253555,27.683416,81.783211,76.953026,94.686646,72.238335,54.453835,149.240005,24.793423,77.993591
"2011-06-17",106.295044,27.487291,82.001976,76.762901,94.789558,71.661751,53.979954,149.940002,24.816126,78.039795
"2011-06-24",106.126167,27.238371,82.506874,76.826286,95.604286,71.979836,54.356644,146.259995,24.531898,78.122925
"2011-07-01",112.012352,29.0261,80.462448,74.425537,95.00042,72.662025,55.769245,144.929993,25.719337,77.874336
"2011-07-08",112.429199,28.55089,81.660225,75.808647,95.777618,72.801773,55.934338,150.25,25.40353,78.031509
"2011-07-15",110.186462,27.79656,82.402512,76.444572,96.606628,72.575539,55.610271,155.199997,24.961395,78.087074
"2011-07-22",112.595955,28.799809,82.115715,76.349197,96.744781,73.121193,56.154442,156.119995,25.346678,78.031509
"2011-07-29",108.227158,28.037951,83.220711,77.835609,98.592827,73.87986,55.671387,158.289993,24.917187,78.124008
"2011-08-05",100.406746,25.676931,84.487358,81.603981,98.628433,73.405533,53.43285,161.75,23.028656,78.245247
"2011-08-12",98.864334,25.284687,86.787231,84.195976,100.9459,72.437012,52.522408,169.970001,22.839174,78.402557
"2011-08-19",94.312126,23.987267,88.021729,88.686104,100.746269,73.980026,52.510101,179.949997,22.239143,78.384064
"2011-08-26",98.730934,24.703865,87.379105,86.524765,99.687347,73.939934,52.830006,177.470001,22.813908,78.393349
"2011-09-02",98.564178,24.726501,88.590729,90.001648,101.223885,74.60659,53.863461,183.240005,23.224461,78.378494
"2011-09-09",96.930069,23.346098,89.099136,90.961601,101.076263,74.050026,53.170052,180.699997,22.150711,78.424805
"2011-09-16",102.174286,24.266361,88.12468,89.78566,100.008545,73.607399,53.795338,176.029999,22.266317,78.406311
"2011-09-23",95.387642,22.418293,89.429718,96.657173,100.051979,70.535988,52.755219,159.800003,20.622149,78.341446
"2011-09-30",95.312172,22.727556,89.039879,96.633179,99.218643,70.703606,51.281715,158.059998,20.424593,78.31369
"2011-10-07",97.307449,23.35364,87.953819,94.825539,99.847168,70.751427,51.959709,159.179993,20.877062,78.238678
"2011-10-14",103.066948,24.854733,86.934868,91.385063,98.890884,72.56971,53.860382,163.399994,22.330044,78.266418
"2011-10-21",104.232254,24.83964,87.206589,90.72744,99.499474,72.791916,54.788918,159.520004,22.157982,78.284904
"2011-10-28",108.189316,26.31056,86.731041,89.388145,100.377495,74.488983,56.159866,169.619995,23.126631,78.266418
"2011-11-04",105.531708,24.688778,88.582741,93.655693,102.380478,74.979813,55.652699,170.850006,22.164347,78.375793
"2011-11-11",106.554497,24.718956,88.225372,92.988358,102.083992,75.006836,55.188843,173.960007,22.126116,78.338692
"2011-11-18",102.563934,23.534678,88.829475,95.955322,101.56076,73.864143,53.841076,167.619995,20.870689,78.329391
"2011-11-25",97.785362,22.161821,89.084717,97.129219,101.796219,72.153435,51.872753,163.399994,19.882919,78.357224
"2011-12-02",105.078995,24.258823,88.770638,95.627724,102.233994,74.185822,54.83437,169.820007,21.361387,78.361839
"2011-12-09",106.017944,24.326712,88.727997,94.072083,101.29023,74.01609,55.326443,166.399994,21.189331,78.408272
"2011-12-16",102.932816,23.074541,90.177246,98.593941,102.216515,74.070435,55.181343,155.229996,20.178959,78.417542
"2011-12-23",106.96019,23.926155,89.12014,95.329491,102.111664,74.437027,56.430439,156.309998,20.747566,78.371132
"2011-12-30",106.251648,23.902742,90.161247,98.046501,101.971832,74.794121,56.757278,151.990005,20.566648,78.416595
"2012-01-06",108.200165,23.770081,89.674416,96.008713,102.566055,73.874107,56.420937,157.199997,20.663568,78.379471
"2012-01-13",109.237732,23.972984,90.24662,97.747292,102.749565,73.75827,56.497074,159.259995,21.14817,78.444458
"2012-01-20",111.27066,25.049894,89.204727,94.593597,102.1903,74.610176,56.852493,162.070007,22.227224,78.425903
"2012-01-27",111.557472,25.385447,90.28936,95.483109,103.466118,75.196205,57.626778,168.970001,22.556759,78.509399
"2012-02-03",113.910904,26.048765,90.032372,94.488098,103.370049,76.009964,57.899513,167.639999,23.1189,78.463905
"2012-02-10",113.775978,25.775639,90.040901,94.828484,103.509834,75.927849,57.599545,167.139999,22.853987,78.408249
"2012-02-17",115.437683,26.368715,89.732925,94.496193,103.404999,76.304161,57.803791,167.350006,23.454893,78.343208
"2012-02-24",115.876328,26.712074,89.955345,95.241936,103.990486,77.214111,58.595169,172.229996,23.597046,78.333969
"2012-03-02",116.281227,26.493572,90.006783,95.174591,103.457382,78.073578,58.656254,166.339996,23.687506,78.37571
"2012-03-09",116.449928,26.282875,89.698296,94.215897,103.64962,78.21093,58.226112,166.380005,23.629345,78.329285
"2012-03-16",119.28418,26.860348,87.958641,90.527565,102.767044,77.99115,58.091312,161.300003,24.209259,78.273598
"2012-03-23",118.778091,26.486544,88.344284,91.97364,103.037971,77.414154,58.09771,161.529999,23.663038,78.26429
"2012-03-30",119.652534,26.564613,88.507103,91.153114,102.810738,77.420982,58.238979,162.119995,23.942659,78.31076
"2012-04-05",118.881462,25.651279,88.907997,91.967667,102.858063,77.33551,57.932198,158.309998,23.428946,78.32003
"2012-04-13",116.585175,25.292194,90.247162,95.168739,104.338989,77.859604,58.029079,160.850006,23.474472,78.422226
"2012-04-20",117.271545,25.83082,90.418816,95.35611,104.374016,78.356178,58.332626,159.539993,24.020689,78.450089
"2012-04-27",119.398361,26.08062,90.650627,95.535278,104.75959,78.583786,58.784721,161.380005,24.410849,78.450089
"2012-05-04",116.500473,25.221933,91.08728,96.460281,104.88839,79.25853,59.017216,159.470001,23.793097,78.494652
"2012-05-11",115.263344,24.675499,91.517166,97.570702,104.985146,78.490112,58.978245,153.559998,23.363924,78.494652
"2012-05-18",110.340309,23.200125,92.299583,101.408218,105.978897,76.378693,56.886963,154.550003,22.238974,78.438934
"2012-05-25",112.323082,23.207924,92.170624,100.75502,105.86454,76.510185,57.244156,152.679993,22.479567,78.46682
"2012-06-01",109.103188,22.458529,94.133087,106.657631,107.128624,75.412277,56.508499,157.5,22.017879,78.520737
"2012-06-08",113.136528,23.371855,92.961906,102.444054,106.393799,77.942238,57.959278,154.729996,22.830709,78.492798
"2012-06-15",114.560059,23.879261,93.383873,103.417664,106.924995,78.908379,58.351379,157.839996,23.145012,78.483543
"2012-06-22",114.04715,23.965128,92.643288,102.288574,105.650162,79.269806,58.926479,152.639999,23.329849,78.44632
"2012-06-29",116.422401,24.644278,92.944664,102.435852,105.96888,79.735443,59.658367,155.190002,24.280472,78.437019
"2012-07-06",115.741341,24.425701,93.720886,104.181503,106.771545,80.64743,59.867374,153.710007,24.306881,78.498451
"2012-07-13",116.03936,24.363249,94.074501,105.911568,107.410843,81.735962,59.867374,154.139999,24.504921,78.544952
"2012-07-20",116.643768,24.277382,94.367714,106.641312,107.85479,82.32209,60.03828,153.669998,24.623755,78.610023
"2012-07-27",118.618919,24.894075,93.781265,105.345772,107.251022,82.315132,60.412903,157.539993,25.198092,78.554222
"2012-08-03",119.078659,25.198517,93.635483,104.697067,107.659447,83.348083,60.602062,155.550003,25.732813,78.578369
"2012-08-10",120.364227,25.620054,93.27272,103.283752,107.046806,82.878784,60.436813,157.179993,25.508358,78.541168
"2012-08-17",121.564613,25.846439,92.175804,99.914902,105.528481,82.465538,60.496315,156.720001,25.620586,78.503967
"2012-08-24",121.036758,25.705917,93.143158,102.552452,106.886963,83.46711,60.899452,161.970001,25.547972,78.559776
"2012-08-31",120.789879,25.518574,94.136406,104.943542,107.561798,83.740295,61.018414,164.220001,25.468746,78.615616
"2012-09-07",123.446068,26.314802,93.367485,102.129066,107.357574,84.567612,61.488895,168.440002,26.115698,78.591415
"2012-09-14",125.897972,27.24375,92.173904,97.410866,108.263237,84.869873,62.386021,171.800003,26.789063,78.572815
"2012-09-21",125.29348,26.939306,93.064781,100.08699,107.881416,85.038574,61.900909,171.960007,26.315645,78.572815
"2012-09-28",123.606178,26.189777,93.80864,102.285568,108.112259,85.235397,61.336052,171.889999,26.142469,78.628616
"2012-10-05",125.574974,26.73938,93.220596,99.966888,108.822617,85.778442,61.766914,172.619995,26.462172,78.574593
"2012-10-12",122.75872,26.269432,93.653625,102.2938,108.502983,86.420189,61.800346,170.059998,26.368929,78.593285
"2012-10-19",123.14399,26.747343,92.874168,100.453697,108.067886,86.554184,62.100967,166.970001,26.715282,78.537399
"2012-10-26",121.491852,26.508379,93.056038,101.196327,108.165588,85.898361,61.780308,165.929993,26.92841,78.52813
"2012-11-02",121.637398,26.524315,93.32869,100.882774,108.601982,85.235397,61.73354,162.600006,27.121569,78.546761
"2012-11-09",118.641396,26.054363,94.334625,103.952354,109.269524,85.757278,61.052143,167.820007,26.735262,78.583977
"2012-11-16",117.134804,25.703896,94.551392,104.274147,109.322906,85.157837,60.74482,165.880005,26.462172,78.611877
"2012-11-23",121.406273,26.91461,93.779678,102.491859,108.46846,85.651512,61.706802,169.610001,27.208157,78.574593
"2012-11-30",122.159531,27.185434,94.351952,102.970367,109.394112,86.533028,62.161091,166.050003,27.521193,78.593285
"2012-12-07",122.407784,27.384563,94.340683,102.875343,110.041931,86.668877,62.596939,165.160004,27.834242,78.621193
"2012-12-14",122.202354,27.671314,93.871811,102.189125,109.327087,86.598145,62.630493,164.130005,27.907507,78.630501
"2012-12-21",123.631592,28.202486,93.454994,101.07299,109.050064,86.923546,62.87899,160.330002,28.429224,78.583977
"2012-12-28",121.159157,27.928982,93.960365,102.173759,109.156456,87.122917,62.762012,160.539993,28.26317,78.612816
"2013-01-04",126.775963,28.67708,92.603889,98.105347,107.646225,87.066154,63.471039,160.440002,28.498407,78.603516
"2013-01-11",127.387665,28.958618,92.960426,99.306824,108.361107,86.19313,63.822182,161.059998,28.595274,78.622147
"2013-01-18",128.473175,29.006887,93.108246,99.464264,108.432594,86.732582,63.957214,163.089996,28.616022,78.622147
"2013-01-25",130.015167,29.45735,92.456078,97.798775,107.914307,86.278313,64.044991,160.649994,28.712887,78.603516
"2013-02-01",130.971436,29.658455,91.94268,95.948242,107.404922,84.812477,63.457981,161.449997,28.872025,78.613739
"2013-02-08",131.419418,29.224066,92.534729,97.260315,107.780273,85.375252,63.13213,161.570007,28.795921,78.660316
"2013-02-15",131.764023,29.151682,92.325737,96.745445,107.279839,84.883736,63.417271,155.759995,28.62986,78.623093
"2013-02-22",131.488312,29.216032,92.674026,97.185532,107.619392,84.385078,63.641266,152.970001,28.685217,78.641708
"2013-03-01",131.703705,29.022974,93.533646,98.950569,108.59343,84.539116,63.965076,152.440002,29.10726,78.686424
"2013-03-08",134.632736,29.658455,92.095337,95.496887,107.235168,84.574821,64.231247,152.710007,29.384012,78.649139
"2013-03-15",135.571762,29.891727,92.661896,96.337395,107.735558,84.388985,64.41552,154,29.641426,78.66777
"2013-03-22",135.321915,29.692612,93.176231,97.643959,108.012604,84.038666,64.367744,155.550003,29.551121,78.658485
"2013-03-28",136.207382,29.434065,93.568481,98.001846,108.370049,84.095848,64.395073,154.449997,29.877613,78.695732
"2013-04-05",135.004211,29.385592,94.698929,102.434662,109.604088,86.076675,64.503487,152.809998,30.711206,78.721809
"2013-04-12",138.129013,30.217794,94.663956,101.692383,109.165901,86.865822,65.00428,143.949997,31.433662,78.712502
"2013-04-19",135.177368,29.531017,94.777428,102.442978,108.602547,86.220154,64.798454,135.470001,31.371138,78.721809
"2013-04-26",137.626999,30.532892,95.048065,102.910034,109.586205,86.456909,65.429657,140.910004,31.475349,78.740471
"2013-05-03",140.336227,31.203497,94.493149,101.072815,108.341881,87.376877,66.157448,142.089996,32.39925,78.728355
"2013-05-10",142.153946,31.300451,93.802704,99.250801,107.588821,86.743401,65.847176,139.600006,31.850464,78.719032
"2013-05-17",145.244064,31.518606,93.444397,97.838287,106.611626,86.0811,65.812767,131.070007,31.690689,78.709671
"2013-05-24",143.815842,30.726793,93.007401,97.620987,105.966156,84.799759,65.295662,133.759995,29.919298,78.691032
"2013-05-31",142.214554,30.04812,92.046059,95.656853,104.648293,82.80571,64.061569,133.919998,28.564692,78.644485
"2013-06-07",143.357086,30.153152,91.785248,94.806442,103.752213,81.909912,63.991585,133.279999,28.856449,78.660309
"2013-06-14",141.972107,29.878443,92.187805,95.359406,102.880463,82.256706,64.317284,134.429993,28.453547,78.706909
"2013-06-21",139.098434,28.916964,89.291092,90.818489,99.258453,76.224327,62.473927,125.050003,27.070965,78.539093
"2013-06-28",139.960129,29.208227,89.702415,92.527626,100.66954,79.12854,62.979786,119.110001,28.121105,78.567078
"2013-07-05",142.596161,29.470781,88.08905,89.229187,99.570663,77.699577,62.59663,118.089996,28.360725,78.517647
"2013-07-12",146.502289,30.51276,89.254578,90.455193,100.542603,78.410439,64.48465,124.129997,28.995039,78.582954
"2013-07-19",148.024704,30.914783,90.043327,91.697968,102.072556,81.021713,65.418213,125.110001,29.107809,78.685471
"2013-07-26",147.911636,30.947596,89.535034,90.807884,101.055588,80.267357,64.637886,128.779999,29.093706,78.694794
"2013-08-02",149.512329,31.398844,89.351822,89.672325,101.37944,80.056702,64.555321,126.360001,28.931612,78.720978
"2013-08-09",148.094315,31.415258,89.615082,90.29528,102.081848,79.962036,64.107269,126.860001,28.987993,78.702309
"2013-08-16",145.040726,31.398844,87.877541,87.020515,99.515381,78.483383,63.379166,132.580002,28.522837,78.646301
"2013-08-23",145.754059,31.349627,87.877541,87.795029,99.569427,77.835129,63.918243,134.899994,28.015381,78.571724
"2013-08-30",143.02243,30.233797,88.114502,89.226143,99.722527,77.325317,63.953266,134.619995,27.395164,78.618347
"2013-09-06",145.188614,31.251163,87.183784,86.980103,98.39122,77.523544,63.742092,134.149994,27.916712,78.51387
"2013-09-13",148.050781,32.088036,87.517738,87.402145,99.004143,77.830803,64.086952,127.82,29.00209,78.541847
"2013-09-20",150.04303,32.826439,88.756958,88.558525,100.942024,80.420509,65.001877,127.959999,29.9161,78.70974
"2013-09-27",148.485611,32.854446,89.591881,89.94278,101.284561,79.827934,64.635895,128.970001,29.951565,78.77507
"2013-10-04",148.433151,32.648499,89.567863,89.459061,101.3629,79.85244,64.916176,126.529999,29.88772,78.754555
"2013-10-11",149.665817,32.994503,89.383011,89.247475,101.110451,80.660393,65.191971,122.599998,30.341738,78.717224
"2013-10-18",153.276337,33.801853,90.051949,90.584572,101.615395,81.857582,66.068939,126.849998,31.136293,78.773209
"2013-10-25",154.727554,33.941914,90.747345,91.642441,102.264618,82.004486,66.217438,130.460007,31.065353,78.819824
"2013-11-01",154.91983,33.488811,89.937622,90.106323,101.134979,81.34684,65.962303,126.949997,30.512003,78.818886
"2013-11-08",155.872726,33.299316,89.20594,87.747421,100.638489,80.04174,66.019157,124.279999,30.086355,78.818886
"2013-11-15",158.338043,33.818336,89.81424,88.867477,101.270355,80.299789,66.21814,124.32,30.682259,78.865585
"2013-11-22",158.967468,33.810093,89.637932,88.171661,100.972473,79.923729,66.211029,119.919998,30.036694,78.902893
"2013-11-29",159.072388,33.875999,89.646713,88.629883,100.746834,80.130211,66.388733,120.699997,29.979937,78.921539
"2013-12-06",159.098587,33.40641,88.873169,87.591583,99.671806,79.830421,66.31015,118.550003,29.440786,78.855247
"2013-12-13",156.572113,32.755589,88.882065,87.838417,99.861481,80.193115,66.338676,119.379997,28.78812,78.845924
"2013-12-20",160.444839,33.516914,88.687767,88.723488,99.753075,80.548347,66.488663,115.940002,28.974552,78.789894
"2013-12-27",162.553162,34.278854,87.931755,86.93013,99.147804,80.537933,66.558235,117.120003,29.271704,78.781525
"2014-01-03",161.639175,33.947578,88.064407,87.237457,99.563377,80.448746,66.751968,119.290001,29.452869,78.790871
"2014-01-10",162.781631,34.336823,88.993095,89.150101,100.764877,80.82766,67.153877,120.260002,29.53985,78.818871
"2014-01-17",162.359833,34.328545,89.293785,90.063705,100.647423,81.102547,67.304573,120.93,29.503607,78.80954
"2014-01-24",158.097565,33.301582,89.91288,91.771431,101.008812,79.906418,66.759171,122.290001,28.829615,78.86557
"2014-01-31",157.45607,32.721848,90.461243,92.454491,101.370155,79.705772,66.924248,120.089996,28.612192,78.940247
"2014-02-07",158.906067,33.458954,90.421364,91.415276,101.388229,81.004387,67.380066,122.169998,29.177485,78.961723
"2014-02-14",162.658585,34.146343,90.21759,91.235504,101.035919,80.952194,67.733498,127.150002,29.56883,78.933685
"2014-02-21",162.649796,34.369953,90.279648,91.312576,100.900414,81.09388,67.921036,127.580002,29.96019,78.952362
"2014-02-28",164.635895,34.668098,90.784622,92.939018,101.812836,82.451439,68.46917,127.620003,30.061644,78.971039
"2014-03-07",166.446243,34.767487,89.849319,90.864975,101.297905,82.032829,68.166946,129.089996,30.3298,78.875793
"2014-03-14",163.247406,33.458954,90.931915,93.12175,101.930283,81.740822,67.985718,133.100006,29.336926,78.9412
"2014-03-21",165.382889,33.467224,90.133278,92.872932,101.017838,81.830658,68.123459,128.470001,29.118372,78.819748
"2014-03-28",164.68071,34.353054,90.266441,93.851189,101.252739,83.11113,68.311874,124.559998,29.942612,78.838425
"2014-04-04",165.563431,34.64603,90.310829,93.309799,101.270798,83.887886,68.657272,125.57,30.197906,78.895409
"2014-04-11",161.185135,34.118668,91.190979,95.262688,102.165138,84.399063,68.29319,126.93,30.365683,78.988861
"2014-04-17",165.545761,34.721355,90.497543,94.677673,102.15612,84.271278,68.540764,124.75,30.890846,78.9328
"2014-04-25",165.466324,34.654388,90.77314,95.7789,102.580704,83.850327,68.628197,125.43,30.810623,78.923477
"2014-05-02",167.064011,35.156628,91.355331,97.201469,103.248878,84.493683,68.790977,125.059998,31.14617,78.961723
"2014-05-09",167.019897,35.039452,91.50679,95.933731,103.140213,85.670677,68.929962,124.099998,31.620283,79.017822
"2014-05-16",167.046432,35.20686,92.174835,97.917282,104.081894,85.912102,69.222572,124.5,32.00687,79.073929
"2014-05-23",169.085434,35.365906,92.272789,97.192863,104.317314,86.23645,69.303024,124.510002,32.057934,79.06456
"2014-05-30",171.133408,35.709099,92.620171,98.4002,104.661362,87.239937,69.529831,120.43,32.203819,79.111275
"2014-06-06",173.560913,36.135994,91.72348,96.484161,103.618736,87.497398,69.683395,120.610001,32.634163,79.057991
"2014-06-13",172.4487,35.859768,91.732414,96.968369,103.673355,86.921959,69.771515,122.959999,32.043346,78.992523
"2014-06-20",174.831985,36.253185,91.705612,96.665749,104.374535,86.778107,70.050797,126.5,32.363792,78.964508
"2014-06-27",174.933823,36.036579,92.348068,97.910828,105.039291,87.497398,70.014015,126.660004,32.696072,79.039291
"2014-07-03",176.929138,36.502502,91.554115,95.944168,104.22094,86.989815,69.914688,127.160004,32.806839,78.978508
"2014-07-11",175.501358,35.613026,92.56427,98.458069,105.29863,87.795242,69.730164,128.779999,32.651775,79.043991
"2014-07-18",176.42366,35.84174,92.760902,99.272903,105.289513,87.57489,69.287323,126.129997,33.035732,78.987892
"2014-07-25",176.485748,35.892574,92.877144,100.269783,105.645729,88.121956,69.405418,125.790001,32.895439,79.006561
"2014-08-01",171.812241,35.028503,92.758377,99.569641,105.351051,86.410156,68.247391,124.379997,32.393326,79.087967
"2014-08-08",172.45961,34.571056,93.277809,100.404015,105.69001,86.59314,68.951828,126.190002,32.001991,79.097328
"2014-08-15",174.720963,35.036972,93.967438,102.307434,106.047318,87.713966,69.737831,125.480003,32.93235,79.153435
"2014-08-22",177.771637,35.180984,93.501755,101.942429,105.286911,87.675835,69.79715,123.190002,33.094795,79.059891
"2014-08-29",179.101883,35.316528,93.949516,103.472122,105.589226,88.163788,69.878708,123.860001,33.028343,79.134727
"2014-09-05",179.518692,35.418182,93.178886,100.816032,104.711891,88.224945,69.469002,122.059998,33.080044,79.104759
"2014-09-12",177.789383,34.867546,92.165108,98.768875,103.390373,86.894897,69.02951,118.379997,32.105354,79.011223
"2014-09-19",179.908859,34.816719,92.362442,99.831627,102.821381,86.74968,69.394508,117.089996,31.576313,79.011223
"2014-09-26",177.562119,34.216072,92.74823,101.051239,102.885635,86.711464,68.195229,117.059998,31.167389,79.076698
"2014-10-03",176.252457,33.109035,93.439003,102.787651,103.160965,86.574997,68.935287,114.610001,30.334671,79.076698
"2014-10-10",170.888748,31.882782,94.679367,104.83992,104.427383,86.835747,67.790733,117.589996,30.000093,79.320084
"2014-10-17",169.080078,31.993484,95.362427,105.730675,104.620102,87.411034,68.651039,118.989998,30.319805,79.404327
"2014-10-24",176.12767,32.862076,94.895058,104.55175,103.968521,87.510735,69.414108,118.349998,31.063301,79.394974
"2014-10-31",180.858749,33.730682,94.391747,104.141281,103.77581,87.963272,69.219566,112.660004,32.349537,79.282616
"2014-11-07",182.43576,33.16013,94.689774,104.83287,104.271393,87.412933,69.380356,112.970001,31.197128,79.281685
"2014-11-14",183.166382,33.4156,94.626732,104.605263,103.885948,87.174294,68.711655,114.470001,31.821669,79.300446
"2014-11-21",185.35817,33.628502,94.734802,105.139267,103.757469,87.759315,68.93705,115.389999,31.732445,79.309784
"2014-11-28",185.839294,33.730682,95.608139,107.231567,103.940994,87.59771,68.471222,112.110001,31.94062,79.36599
"2014-12-05",186.605499,33.739201,94.787407,106.246216,102.839149,86.90773,68.167015,114.43,31.665535,79.177711
"2014-12-12",180.199371,32.180832,96.510002,110.817558,103.555374,83.647453,65.857307,117.410004,30.847689,79.299477
"2014-12-19",186.222397,32.896152,95.788528,110.440262,103.160538,86.042465,68.106628,114.769997,31.207592,79.11216
"2014-12-26",187.956543,33.161785,95.189941,109.390343,102.444321,86.063744,68.201843,114.830002,31.612297,79.058784
"2015-01-02",185.162003,32.296322,96.219574,111.94899,103.509445,84.914139,67.921379,114.080002,31.095169,79.218048
"2015-01-09",184.194748,31.885015,97.520203,115.246315,103.830811,85.473404,68.300415,117.260002,31.649771,79.349205
"2015-01-16",181.821152,32.450565,98.513756,117.110336,104.491943,86.07151,67.898628,122.519997,32.691513,79.536667
"2015-01-23",184.857498,32.759041,98.66732,118.499611,104.969406,86.72403,68.23217,124.230003,32.788956,79.50853
"2015-01-30",179.913406,32.690495,99.85054,121.585846,106.172264,86.809418,68.398918,123.449997,32.27182,79.630356
"2015-02-06",185.359055,33.298897,97.581528,115.382378,104.547043,86.86319,69.217148,118.639999,33.111217,79.333191
"2015-02-13",189.237335,34.001541,96.966324,112.941887,103.445206,87.097015,69.354156,117.980003,33.231133,79.342537
"2015-02-20",190.545013,34.669914,96.441597,111.488113,103.2799,86.902168,69.574837,115.279999,33.2761,79.342537
"2015-02-27",190.070297,34.704197,97.382507,114.122467,104.804131,87.64257,69.925011,116.160004,33.261116,79.398804
"2015-03-06",187.177277,34.052952,95.588364,109.021858,102.811615,86.568306,69.269928,111.860001,32.489166,79.277832
"2015-03-13",185.645721,33.650215,96.557945,111.864342,102.389229,85.786461,68.948875,110.879997,31.874611,79.362236
"2015-03-20",190.643524,35.012676,98.143616,116.092812,104.455215,87.326736,69.132317,113.57,33.137596,79.493538
"2015-03-27",186.377777,34.746155,97.971481,115.695564,104.372551,87.498741,69.155243,115.059998,33.099979,79.54039
"2015-04-02",186.971741,34.780582,98.402199,115.645821,104.721481,88.532158,69.458801,115.279999,33.092457,79.621994
"2015-04-10",190.274567,35.400272,98.093605,114.663895,104.629669,89.136223,70.080788,115.970001,33.792068,79.584488
"2015-04-17",188.411652,35.296997,98.910446,116.282753,106.043694,88.940117,69.896507,115.599998,33.453548,79.668892
"2015-04-24",191.759476,36.088829,98.592804,114.177399,105.61216,89.52063,70.119164,113.050003,33.716846,79.668892
"2015-05-01",190.895462,35.908081,97.060875,109.917542,104.574554,88.832123,70.021561,113.080002,33.430973,79.589157
"2015-05-08",191.714447,36.12326,97.006332,108.596748,103.986916,88.903,70.245262,113.970001,33.521252,79.626709
"2015-05-15",192.506409,36.536385,97.015404,107.781235,103.895119,88.8479,70.191231,117.529999,34.14563,79.673599
"2015-05-22",193.001389,36.321213,96.497292,106.726372,103.693108,88.855766,70.03698,115.599998,33.634098,79.579788
"2015-05-29",191.309494,35.589619,97.18811,108.77404,103.950172,88.470001,70.114151,114.099998,32.708805,79.654846
"2015-06-05",190.058548,35.030174,95.038612,104.469093,102.251511,86.991425,69.286797,112.239998,31.806078,79.501785
"2015-06-12",190.256516,35.340038,95.193375,104.780022,102.352539,86.493546,69.147316,113.230003,32.34771,79.492416
"2015-06-19",191.552444,35.271183,96.276787,105.783829,103.399269,87.09417,69.441727,115.120003,32.299034,79.652031
"2015-06-26",191.092804,35.677879,94.765488,102.363739,102.324974,86.872879,68.938148,112.559998,32.527225,79.548752
"2015-07-02",188.758118,34.86742,95.440773,103.274582,102.958542,87.239403,69.059494,111.760002,31.880646,79.734718
"2015-07-10",188.939087,34.884857,95.413422,103.319145,102.673882,87.168007,69.098343,111.489998,31.713287,79.697121
"2015-07-17",193.454651,35.381584,95.79641,105.69622,102.857552,87.009384,69.012756,108.650002,32.565273,79.668915
"2015-07-24",189.355362,34.57983,96.471169,108.073311,102.931,86.454063,67.892258,105.349998,31.85021,79.650146
"2015-07-31",191.62674,35.059139,97.054695,109.088257,103.436005,86.993477,68.452477,104.93,32.169704,79.715912
"2015-08-07",189.292007,34.980701,97.195351,110.941437,102.912613,86.379517,67.777145,104.650002,32.253384,79.610641
"2015-08-14",190.604156,34.675694,97.0401,110.602386,102.563705,86.443222,67.51918,106.849998,32.207737,79.610641
"2015-08-21",179.907959,32.383728,98.309471,112.779503,102.976883,85.280548,66.800072,111.129997,30.678747,79.7798
"2015-08-28",181.419189,32.767178,97.295769,109.17482,102.545334,85.965401,67.503563,108.699997,30.374472,79.704628
"2015-09-04",175.247589,31.276974,97.84211,109.697914,102.120193,86.085953,67.490631,107.489998,29.00523,79.732857
"2015-09-11",179.102554,32.26173,97.485382,108.544418,102.203072,86.229912,67.914597,106.160004,29.674629,79.742241
"2015-09-18",178.767761,31.956718,98.043343,109.179276,102.405632,87.261627,67.404266,109.209999,29.712557,79.817451
"2015-09-25",176.39801,31.239883,97.750648,108.678566,101.402016,85.414177,66.006737,109.809998,29.988323,79.798637
"2015-10-02",178.418137,31.800077,99.218613,111.610275,102.877602,85.817253,65.03772,108.989998,30.5245,80.024376
"2015-10-09",184.269302,33.200581,98.421654,109.567322,102.518311,87.190887,67.144135,110.870003,31.282833,79.920906
"2015-10-16",185.934494,33.384392,98.96212,111.045769,102.527527,87.994217,67.278206,112.489998,31.711784,79.958534
"2015-10-23",189.874695,33.804546,98.458282,110.391647,102.499878,87.761246,67.71212,111.5,32.186695,79.930344
"2015-10-30",190.229584,33.296867,98.036919,110.01532,102.223503,87.158798,67.506989,109.300003,31.757736,79.798592
"2015-11-06",192.222412,33.200581,96.672653,106.860695,101.117989,87.263634,67.002937,104.099998,31.00708,79.583069
"2015-11-13",185.333923,32.351521,97.067131,107.471321,101.173241,87.013573,65.782402,103.559998,30.087889,79.677223
"2015-11-20",191.658218,33.200581,97.204758,108.162773,101.891846,87.908867,65.655579,103.089996,31.167936,79.601921
"2015-11-27",191.740173,33.086803,97.58091,108.629745,102.122162,87.658852,65.861641,101.25,30.67771,79.620735
"2015-12-04",191.822037,33.130562,97.190338,108.509132,101.726013,86.918846,65.828445,104.019997,30.87686,79.593445
"2015-12-11",184.624176,31.7038,98.274635,111.370804,101.633896,85.25885,63.327801,103.110001,29.605322,79.649948
"2015-12-18",184.014435,31.82634,97.796791,110.893829,101.18248,85.825676,63.335754,102.040001,29.941841,79.584038
"2015-12-24",189.287369,32.707886,97.525063,109.863876,101.12719,86.245323,64.438629,103.050003,30.542986,79.558601
"2015-12-31",187.666473,32.338017,97.175385,108.736641,101.044289,86.098831,64.510689,101.459999,30.149923,79.473831
"2016-01-08",176.637466,30.268442,98.611053,111.243591,101.698395,85.748833,63.662037,105.68,28.554571,79.66227
"2016-01-15",172.8909,29.361362,99.384102,113.398857,101.560196,84.129074,62.373123,104.080002,27.860941,79.831818
"2016-01-22",175.409973,30.004244,99.273697,113.029106,101.293015,85.097664,63.109653,105,28.153809,79.841255
"2016-01-29",178.277084,30.550262,100.414864,114.7966,102.62886,86.131363,63.477928,106.949997,29.194262,79.991997
"2016-02-05",172.991684,29.678398,101.151253,116.29731,102.619652,85.909912,62.271912,112.32,28.870554,80.072083
"2016-02-12",171.800827,28.832964,101.916229,118.809013,102.813118,85.566719,61.724834,118.360001,28.516045,80.119255
"2016-02-19",176.729065,29.722429,101.833267,118.36628,102.582802,86.637222,62.464996,117.580002,29.579607,80.081505
"2016-02-26",179.67865,29.740049,101.741112,117.824211,103.531685,87.511589,63.74424,117.110001,29.602732,80.034416
"2016-03-04",184.561066,31.149109,100.713615,116.409302,103.706741,88.773865,65.405899,120.540001,30.697134,79.937225
"2016-03-11",186.722931,31.686323,100.049103,115.286842,103.227699,89.307205,66.433044,119.410004,31.23662,79.824059
"2016-03-18",189.223679,31.86088,100.916656,116.825691,104.581924,90.259026,66.643349,119.800003,31.969358,80.022087
"2016-03-24",188.051437,31.215174,100.778236,117.260208,104.213425,89.643631,65.794128,116.330002,31.358124,79.974953
"2016-04-01",191.542084,31.383232,101.81002,118.537155,105.696686,90.784286,66.117043,116.93,31.791403,80.145576
"2016-04-08",189.340881,31.365538,102.484825,119.743591,105.816444,90.652489,66.238945,118.43,31.953875,80.249451
"2016-04-15",192.297287,32.320843,102.198288,119.625641,105.328178,91.723312,67.027107,117.919998,32.371677,80.240005
"2016-04-22",193.439346,32.966549,101.135277,116.432747,104.858322,91.731544,67.766525,117.889999,32.480003,80.126762
"2016-04-29",191.072327,32.471203,101.680641,117.358009,105.834854,91.953979,68.132156,123.650002,32.774006,80.221138
"2016-05-06",190.473709,31.852028,102.209229,118.566803,105.622971,91.846497,67.366501,123.18,32.557362,80.276817
"2016-05-13",189.497421,31.604362,102.653542,120.230095,106.175728,92.474854,67.570587,121.709999,32.069931,80.267403
"2016-05-20",190.225052,31.86088,101.48716,118.294113,105.10704,91.342148,67.864433,119.709999,32.077667,80.10685
"2016-05-27",194.609024,32.488892,101.459404,118.021461,105.309746,91.805176,68.313385,115.620003,32.534149,80.087997
"2016-06-03",194.65506,32.621578,102.806259,121.342461,106.034126,92.970825,68.495781,118.879997,32.820412,80.268394
"2016-06-10",194.507751,31.896265,103.325439,122.754158,106.725304,93.311172,68.758247,121.739998,32.611526,80.353439
"2016-06-17",192.177567,31.50087,103.575798,123.510117,106.338249,92.838005,68.184082,123.949997,32.084114,80.438469
"2016-06-24",188.977036,30.559332,104.030045,123.66494,106.697624,93.228142,68.282524,126,31.14781,80.523529
"2016-07-01",195.380814,31.778843,104.992767,128.263123,108.352737,95.951706,69.609459,128.410004,32.357201,80.636887
"2016-07-08",197.907181,31.456028,105.651924,131.027817,108.806297,97.035828,70.53241,130.520004,32.052914,80.599083
"2016-07-15",200.840698,32.424461,103.90657,126.273918,107.751099,97.044174,70.565369,126.839996,32.544468,80.419495
"2016-07-22",202.173279,32.406528,104.092216,126.64798,107.445625,96.902397,71.010368,126.349998,32.809757,80.466736
"2016-07-29",202.080765,33.025238,104.974236,129.166367,108.204643,96.894043,70.384102,128.979996,33.488579,80.570747
"2016-08-05",203.033936,32.85487,104.014786,126.147957,107.527191,96.827904,70.808731,127.550003,33.301315,80.467628
"2016-08-12",203.32077,33.509453,104.479607,128.049255,107.880318,98.410851,71.446129,127.400002,33.38715,80.505463
"2016-08-19",203.422577,33.491516,103.99617,126.796989,107.787384,98.343842,71.677917,127.970001,33.316925,80.439262
"2016-08-26",202.256592,33.222515,103.614998,126.477058,107.517899,98.084221,71.653076,126.050003,32.981411,80.335175
"2016-09-02",203.24678,33.778465,103.805466,126.954346,107.804047,98.337845,72.243668,126.57,33.121857,80.420357
"2016-09-09",198.536423,33.312183,103.339951,124.106331,107.328384,97.799553,71.304237,126.75,32.482048,80.391975
"2016-09-16",199.535889,32.729877,103.423744,123.401146,107.207123,97.017357,71.420631,125.059998,31.744722,80.467674
"2016-09-23",202.062271,33.729881,103.926453,125.296844,108.391579,98.606949,72.127281,127.650002,32.649925,80.477142
"2016-09-30",202.353348,33.702858,104.159203,125.928719,108.643372,98.581726,72.542938,125.639999,32.830959,80.486626
"2016-10-07",201.134933,33.324478,103.143074,122.861748,107.859993,98.279343,72.773415,119.739998,31.138643,80.390953
"2016-10-14",199.31192,32.865013,102.742218,120.724152,107.654793,97.595146,72.53125,119.360001,30.800179,80.353065
"2016-10-21",200.121094,33.207367,103.236298,122.302155,108.307632,98.389145,72.957138,120.830002,31.201612,80.428833
"2016-10-28",198.809662,32.919075,102.518448,119.678291,107.850647,96.775803,72.046921,121.580002,30.453852,80.390953
"2016-11-04",195.014847,32.27042,103.166214,121.092415,108.083824,96.69313,71.281242,124.389999,30.430229,80.533997
"2016-11-11",202.511505,32.369522,100.001518,112.176407,106.554291,92.190041,70.014648,117.099998,29.603754,80.287651
"2016-11-18",204.427505,32.054203,98.638519,111.082573,105.686928,92.520782,70.987656,115.150002,29.233809,80.126549
"2016-11-25",207.236404,32.378529,98.377159,111.055031,105.500381,92.698868,71.910347,112.610001,29.430584,80.041275
"2016-12-02",205.469193,32.405548,98.329605,110.156227,105.568863,92.243317,71.936752,112.139999,29.603754,80.117088
"2016-12-09",211.924133,33.441593,97.778053,108.222046,105.428696,93.17997,72.871994,110.400002,30.343651,80.107597
"2016-12-16",211.812515,33.090248,96.889915,107.890495,103.830429,92.907516,72.501274,108.050003,29.507481,79.918007
"2016-12-23",212.342438,33.117119,97.343414,109.013283,105.073509,93.966339,73.206604,107.93,29.733814,80.023262
"2016-12-30",210.462189,33.189789,98.148651,110.010628,105.774521,94.077286,73.164345,109.610001,30.245167,80.127602
"2017-01-06",213.876556,33.970936,98.401474,111.608192,106.036201,95.673416,73.739189,111.75,31.041527,80.070671
"2017-01-13",213.642654,34.316093,98.682411,112.023727,106.531548,95.733154,73.815262,114.209999,30.731369,80.137085
"2017-01-20",213.371414,34.170769,98.148651,110.758621,106.279198,95.340546,73.713806,115.050003,30.572094,80.137085
"2017-01-27",215.522842,34.534092,98.055061,110.472343,106.522217,95.570999,74.060379,113.489998,30.681072,80.194016
"2017-02-03",215.88768,34.724834,98.288071,110.12809,106.39138,96.56617,74.275375,116.129997,31.091827,80.185463
"2017-02-10",217.870819,34.752083,98.681953,111.756859,106.737167,96.840393,74.317833,117.599998,31.435518,80.251938
"2017-02-17",221.219635,34.942837,98.644447,111.349648,106.699799,96.788979,74.521591,117.68,31.401983,80.242424
"2017-02-24",222.875351,34.833832,99.479057,112.913658,107.447517,97.543091,74.929161,119.699997,31.477432,80.346848
"2017-03-03",224.47493,35.060905,98.1978,110.664688,106.419411,97.338379,75.034737,117.510002,31.108595,80.113243
"2017-03-10",223.707886,35.088158,97.643745,108.717522,105.578217,96.280243,73.59359,114.720001,30.664307,80.075211
"2017-03-17",224.119476,35.733067,98.348038,110.006363,106.372681,97.243713,74.25872,116.989998,31.40913,80.160721
"2017-03-24",221.155609,35.7425,99.052353,112.083344,106.97084,97.845909,74.045547,118.860001,31.501841,80.265221
"2017-03-31",222.921951,35.833675,99.155632,111.92572,107.157776,97.811523,74.855659,118.720001,31.518694,80.293732
"2017-04-07",222.367584,35.569252,99.323967,112.162674,107.022087,98.145729,74.841103,119.459999,31.788374,80.253807
"2017-04-13",219.877884,35.459839,100.574799,114.727219,107.845688,98.542961,74.695488,122.599998,32.066471,80.462936
"2017-04-21",221.850891,35.715141,100.546608,114.792259,107.36837,98.914284,75.020958,122.309998,32.142323,80.510475
"2017-04-28",225.073456,36.626942,100.255058,113.686523,107.639809,99.484245,75.466278,120.769997,32.176029,80.443924
"2017-05-05",226.670639,37.465797,99.831192,112.936981,106.724075,99.23632,75.324356,117.010002,32.504707,80.37925
"2017-05-12",226.022369,37.374622,100.019585,113.030083,106.742821,99.669792,75.668388,116.830002,32.580544,80.426796
"2017-05-19",225.355316,37.830521,100.829636,115.190308,107.512161,99.626427,75.840393,119.400002,32.72382,80.483894
"2017-05-26",228.52153,37.866993,100.782524,114.976158,107.333923,100.120605,76.175835,120.540001,32.875511,80.464867
"2017-06-02",230.81398,38.496128,101.474464,117.216576,107.980263,100.959053,76.509781,121.610001,33.524422,80.5448
"2017-06-09",230.128113,38.021992,101.182022,116.078217,107.35965,100.541313,76.285233,120.540001,33.136761,80.430565
"2017-06-16",230.353607,38.113174,101.606522,117.897758,106.89888,100.576118,76.138397,119.339996,33.506157,80.468658
"2017-06-23",230.983109,38.02523,101.691429,119.232086,107.491302,100.341171,76.181587,119.43,32.842503,80.497223
"2017-06-30",229.733765,38.117481,100.568855,116.750038,106.66378,99.523102,76.345695,118.019997,32.417068,80.440079
"2017-07-07",230.016922,37.896088,99.925491,114.747215,106.024597,98.634621,75.987434,115.279999,31.881044,80.418159
"2017-07-14",233.216476,38.809349,100.520668,115.317566,106.580826,100.014977,76.794159,116.769997,32.544701,80.522964
"2017-07-21",234.584991,39.03997,101.21978,117.524239,107.080513,100.722633,76.967659,119.260002,33.140297,80.589684
"2017-07-28",234.594421,39.132225,100.917458,115.841187,107.155914,100.617775,77.123779,120.690002,33.429588,80.599205
"2017-08-04",235.06633,39.418198,101.17762,117.067505,107.332565,101.068321,77.087189,119.650002,33.480625,80.5811
"2017-08-11",231.914001,38.5695,101.764275,118.473091,107.937065,100.840248,76.068062,122.790001,32.910564,80.733688
"2017-08-18",230.526581,38.70787,101.783211,118.651131,107.663147,101.348976,76.190033,122.300003,33.165821,80.686005
"2017-08-25",232.348129,39.113781,102.010269,119.307068,107.767059,102.076981,76.843292,122.739998,33.029682,80.724144
"2017-09-01",235.547714,39.298271,102.115791,119.017525,108.018745,102.603729,77.253014,126.059998,33.24239,80.73555
"2017-09-08",234.245224,39.611916,102.94973,121.130272,109.059952,103.24649,76.789444,127.970001,33.701851,80.831009
"2017-09-15",237.973267,39.934792,102.0495,119.120796,108.378433,103.070389,77.331741,125.529999,33.478149,80.69738
"2017-09-22",238.190353,40.118061,101.386147,118.501076,107.933571,102.524498,77.349251,123.239998,33.109127,80.592415
"2017-09-29",239.942001,40.21069,100.940773,117.148918,107.507622,102.506874,77.637878,121.580002,32.937489,80.601944
"2017-10-06",242.95871,40.164375,100.712059,116.285179,107.363693,102.261154,77.642273,121.089996,32.740101,80.566605
"2017-10-13",243.451996,40.896152,101.41436,118.411606,108.073883,102.906403,77.580795,123.82,33.280766,80.614365
"2017-10-20",245.557999,40.710892,100.636131,116.652122,107.392113,102.570511,77.896965,121.610001,33.160622,80.518822
"2017-10-27",246.089249,40.646049,100.455795,115.955872,107.429977,102.358383,77.703751,120.900002,32.757263,80.537926
"2017-11-03",246.819702,41.062881,101.105522,118.464363,108.110542,102.414513,77.59436,120.620003,33.040482,80.488228
"2017-11-10",246.468658,40.794258,100.592224,117.012268,107.882835,101.553818,76.827103,121.129997,33.134872,80.449982
"2017-11-17",246.297928,40.636784,100.924911,119.171509,108.27182,102.254799,77.1446,122.860001,33.25502,80.392601
"2017-11-24",248.631607,41.424149,101.019943,119.558113,108.29081,102.769463,77.497368,122.32,33.769936,80.411758
"2017-12-01",252.587524,41.155521,100.839912,119.566055,108.265106,102.814232,77.393196,121.589996,33.821419,80.372559
"2017-12-08",253.574051,41.099934,100.820869,119.698326,108.341347,102.912231,77.366623,118.480003,34.035976,80.363007
"2017-12-15",255.936172,41.16478,101.02079,121.266747,108.531921,103.37545,77.242615,119.18,34.388565,80.343849
"2017-12-22",256.827484,41.706158,100.148987,118.133598,108.004494,103.430847,77.377022,120.940002,34.561111,80.28064
"2017-12-29",256.246063,41.958698,100.654305,120.112457,108.863319,103.752541,77.608269,123.650002,34.932083,80.338112
"2018-01-05",262.422333,43.174622,100.253853,119.023628,108.71064,104.306625,78.239746,125.330002,35.441097,80.271034
"2018-01-12",266.787567,43.773232,99.700867,117.896904,108.19532,103.779358,77.892853,126.959999,35.46698,80.232735
"2018-01-19",269.246643,44.053833,98.957176,116.51458,108.023521,103.278915,77.857277,126.419998,35.829327,80.203957
"2018-01-26",275.12738,44.783386,98.938126,117.016388,108.185783,103.681068,78.052948,128.070007,36.623039,80.127327
"2018-02-02",264.519165,43.10915,97.619026,113.455399,107.251419,102.24897,77.006149,126.389999,35.130512,80.085152
"2018-02-09",251.308945,40.836308,97.619026,111.899429,106.421059,100.232826,75.871826,124.769997,33.525829,80.190659
"2018-02-16",262.193542,42.454422,97.418495,112.629967,106.707405,101.119934,77.21154,127.959999,34.431698,80.027634
"2018-02-23",263.747131,42.463772,97.533104,112.079643,106.802841,100.967598,77.157944,126.139999,34.595623,80.056404
"2018-03-02",258.485901,41.285267,97.627716,112.514839,107.060509,100.815178,76.890587,125.389999,34.086601,80.100555
"2018-03-09",267.654938,42.183178,97.484245,112.096542,106.907814,100.914063,77.177521,125.540001,34.535225,80.062149
"2018-03-16",264.299957,41.986759,97.91468,113.902847,107.07962,100.869118,76.935417,124.599998,34.414879,80.081375
"2018-03-23",248.766556,40.508945,98.230309,114.245117,107.451866,99.844505,76.146347,127.610001,33.955318,80.167778
"2018-03-29",254.070709,41.543541,98.69899,115.889824,107.900459,101.399384,76.791954,125.790001,34.701012,80.225388
"2018-04-06",250.432495,41.308838,98.607964,115.375343,108.007614,101.511192,76.773033,126.389999,34.744373,80.248459
"2018-04-13",255.60257,42.125626,98.282204,115.184799,108.237289,101.366913,77.691399,127.449997,35.13456,80.133125
"2018-04-20",257.009979,42.266449,97.314514,112.860161,107.538734,100.23069,77.331284,126.629997,35.221275,80.027405
"2018-04-27",256.962097,42.294617,97.333694,113.269821,107.672691,99.635551,77.214203,125.5,35.333996,80.065849
"2018-05-04",256.416382,42.219505,97.564796,113.615021,107.74826,98.32518,77.235237,124.540001,35.160572,80.059143
"2018-05-11",262.783203,42.726475,97.344032,113.844185,107.719421,98.81395,77.515549,125,35.342667,80.030266
"2018-05-18",261.576843,42.48238,96.710487,111.915405,107.03698,97.673462,77.217171,122.410004,34.570953,80.039886
"2018-05-25",262.314087,41.947239,97.814384,114.216568,107.613693,99.221268,77.361824,123.209999,34.796398,80.222733
"2018-06-01",263.798035,41.778255,98.036392,115.132729,107.955406,98.16259,77.37529,122.489998,34.657665,80.257294
"2018-06-08",268.116089,42.106846,97.824768,114.395813,107.887909,97.880844,77.80217,123.010002,34.943798,80.266922
"2018-06-15",268.374512,41.7407,97.940193,115.209282,108.051804,97.053719,78.219971,121.339996,34.500473,80.228386
"2018-06-22",266.057587,41.239162,98.209503,115.352837,108.360313,97.617264,78.029221,120.339996,34.395473,80.295853
"2018-06-29",262.651154,40.782848,98.594215,116.49173,108.813408,97.044632,77.275375,118.650002,34.246723,80.353676
"2018-07-06",266.65271,40.96347,98.873657,117.7435,109.366005,98.811684,77.851074,118.860001,34.675468,80.382629
"2018-07-13",270.712036,41.115574,98.873657,117.714737,109.220833,99.55098,78.106506,117.610001,34.482975,80.363319
"2018-07-20",270.894806,41.267681,98.497856,115.834679,108.504707,99.085487,78.115654,116.559998,34.631721,80.363319
"2018-07-27",272.568512,41.704983,98.064247,114.587692,108.127274,100.007362,78.380234,115.830002,34.552975,80.305405
"2018-08-03",274.67514,41.315216,98.209053,114.613144,108.241516,99.25869,78.752319,114.919998,34.605473,80.371162
"2018-08-10",274.213409,40.507168,98.836617,115.997498,108.727402,97.480804,78.697357,114.690002,33.922989,80.496864
"2018-08-17",276.108398,40.288513,98.962135,116.305138,108.766273,98.076485,78.834778,112.129997,33.94923,80.525856
"2018-08-24",278.493927,40.925446,99.338661,117.564499,109.339668,98.424721,79.146324,114.160004,34.255474,80.574226
"2018-08-31",281.302704,40.991993,99.068329,116.324356,108.931503,97.233376,79.128006,113.510002,34.316727,80.583862
"2018-09-07",278.570862,39.81319,98.590424,114.78466,108.459503,97.174477,78.862053,113.230003,33.511749,80.50737
"2018-09-14",281.754822,40.602219,98.213142,114.225792,108.010933,98.177505,79.441795,113.019997,33.870491,80.449265
"2018-09-21",284.111542,41.657444,97.71006,112.82869,107.845146,98.683632,79.358948,113.489998,34.062988,80.410522
"2018-09-28",282.809418,41.283371,97.874512,112.9925,107.874405,99.208138,79.543007,112.760002,33.815441,80.468636
"2018-10-05",280.104279,40.329288,96.666679,109.159721,106.655281,97.803535,78.848808,113.800003,32.524715,80.407532
"2018-10-12",268.607574,38.707336,97.219246,110.540649,106.811462,97.775833,78.710136,115.230003,32.171082,80.465736
"2018-10-19",268.839478,38.650089,97.044754,109.80674,106.460052,97.452408,78.47905,116.010002,32.816448,80.465736
"2018-10-26",258.048035,37.123558,98.043213,111.042786,106.870018,97.433922,77.859734,116.769997,32.436306,80.640335
"2018-11-02",264.60788,38.335247,97.117416,108.417931,105.77742,97.066788,78.28186,116.650002,32.542389,80.53936
"2018-11-09",270.472168,38.325699,97.311707,109.724762,106.119308,97.094627,78.365456,114.480003,32.816448,80.54908
"2018-11-16",266.395203,38.010857,98.254036,111.031586,106.793381,96.55629,77.352921,115.620003,32.940212,80.772591
"2018-11-23",256.318665,37.295292,98.419189,111.457504,106.373322,95.535309,76.832703,115.769997,32.869495,80.80172
"2018-11-30",268.578583,37.924984,98.875755,111.641449,106.74453,96.24073,77.659477,115.540001,32.85181,80.898911
"2018-12-07",256.598846,36.713295,100.094604,114.888893,107.434219,97.018211,77.291801,118.089996,32.88718,81.056602
"2018-12-14",253.507309,36.436611,99.841492,114.956833,106.680962,97.558891,77.599739,117.059998,32.675003,81.095543
"2018-12-21",235.430573,34.93869,100.69252,117.408035,106.978546,97.170303,75.221626,118.720001,31.737898,81.289413
"2018-12-28",242.52356,35.694622,101.268066,117.728996,107.233307,97.73661,75.981071,121.059998,32.051697,81.484383
"2019-01-04",247.124466,36.523834,101.843613,118.759911,107.880051,99.23735,77.24678,121.440002,32.722847,81.513618
"2019-01-11",253.262177,37.275906,101.619247,117.612282,108.05645,99.596008,78.653152,121.800003,33.611664,81.503876
"2019-01-18",260.752014,37.960491,100.897369,116.279884,107.537094,100.728653,79.225075,121.019997,33.929092,81.435646
"2019-01-25",260.197571,38.085835,101.287567,117.223244,107.478294,101.65361,79.140686,122.860001,34.400707,81.494125
"2019-02-01",264.282928,38.423302,101.764404,117.90731,108.458221,102.911415,79.758369,124.5,35.12627,81.62262
"2019-02-08",264.701172,37.989414,102.262985,119.262215,108.536621,102.067955,79.861984,124.209999,34.890461,81.749588
"2019-02-15",271.539276,38.94397,102.096794,118.901566,108.615005,102.570259,80.436539,124.800003,34.654652,81.720299
"2019-02-22",273.153961,39.339294,102.253212,118.501907,109.006981,103.082008,80.615494,125.5,34.781624,81.798431
"2019-03-01",274.603271,39.580341,101.440216,115.909676,108.438629,102.808533,80.995132,121.879997,34.727215,81.733864
"2019-03-08",268.660065,38.7897,102.586143,118.752228,109.085365,102.760956,80.512634,122.839996,34.781624,81.919746
"2019-03-15",276.519501,39.811749,102.928955,118.92807,109.751717,103.760109,81.155968,122.970001,35.434635,81.988235
"2019-03-22",274.571228,39.281441,104.153252,121.965973,110.692459,104.131233,81.212738,123.970001,35.411858,82.213264
"2019-03-29",277.891571,39.575996,104.476448,123.509354,110.800247,104.730705,81.808784,122.010002,35.785385,82.301315
"2019-04-05",283.643555,40.43782,103.76786,121.422188,110.359276,105.126289,82.13092,121.980003,35.420971,82.226822
"2019-04-12",285.313446,40.612122,103.316376,120.09079,110.300476,104.591209,82.634552,121.830002,35.466522,82.187607
"2019-04-18",285.157196,40.68959,103.365471,120.315941,110.398476,104.639,82.368492,120.370003,35.211433,82.236633
"2019-04-26",288.545929,40.515285,103.944511,121.206802,111.1726,104.658081,82.644058,121.370003,35.293427,82.42289
"2019-05-03",289.073273,40.747692,103.730156,121.314079,110.658035,105.318092,82.611732,120.650002,35.320759,82.369797
"2019-05-10",283.204132,39.711563,104.359535,122.383392,111.030502,104.895935,82.287277,121.43,35.238762,82.517105
"2019-05-17",281.15329,39.382328,104.959427,123.599861,111.285378,104.540932,82.010536,120.650002,35.156769,82.644775
"2019-05-24",278.086884,39.333912,105.588799,125.355911,111.657875,105.039848,81.733803,121.300003,35.475632,82.723358
"2019-05-31",270.801697,38.578613,107.103256,129.329086,112.990982,105.433228,81.018097,123.330002,34.97456,83.047447
"2019-06-07",282.881866,39.847137,107.628441,129.506012,113.482834,107.416992,82.538483,126.589996,35.594067,83.223587
"2019-06-14",284.424774,39.575996,107.717102,129.230789,112.644997,107.20504,82.720627,126.559998,35.43919,83.243271
"2019-06-21",290.416504,40.623657,107.933891,129.201263,113.67012,108.708061,83.717613,131.979996,35.958477,83.390877
"2019-06-28",289.610779,40.839062,108.406853,130.557861,113.8377,109.15123,83.573807,133.199997,35.6996,83.430252
"2019-07-05",294.867493,41.083839,108.171936,130.439682,113.611771,109.632919,83.76255,132.139999,36.53796,83.278435
"2019-07-12",297.21582,40.878223,107.638916,128.262894,113.790138,109.294388,83.704773,133.529999,36.381348,83.327713
"2019-07-19",293.688416,40.711781,108.201546,129.710815,114.186516,109.623245,83.377365,134.470001,36.206299,83.406593
"2019-07-26",298.47348,40.701988,108.023872,129.494125,113.948669,110.37767,83.93586,133.639999,35.893066,83.377007
"2019-08-02",289.28653,39.536835,109.905815,134.725983,114.693054,110.357872,83.537483,135.889999,35.469276,83.633804
"2019-08-09",288.244965,39.06686,110.874847,138.219757,115.755852,111.085953,83.402107,141.259995,35.15604,83.772072
"2019-08-16",285.513458,38.58709,112.33828,144.220291,116.431267,110.687935,83.257065,142.779999,35.303444,84.038734
"2019-08-23",281.475128,38.420639,112.506363,144.052521,116.590202,110.697655,83.692207,144.169998,35.423218,84.028854
"2019-08-30",289.13913,39.252892,112.733803,145.355255,116.858391,111.658722,84.282059,143.75,35.847,84.028854
"2019-09-06",294.602203,40.055767,112.317802,144.139191,116.579124,112.411842,84.622917,141.919998,36.077324,83.985336
"2019-09-13",297.589203,40.897812,109.445488,134.993927,114.422661,109.713104,84.642342,140.149994,36.114174,83.599487
"2019-09-20",295.967987,40.731361,110.931168,140.283371,115.764236,111.525253,84.953087,142.949997,36.390556,83.75779
"2019-09-27",293.264587,40.342422,111.307549,141.113846,115.466118,110.317146,84.554939,141.059998,36.540291,83.876503
"2019-10-04",292.296906,39.908741,112.895546,144.589554,116.517143,111.382446,84.27179,141.899994,37.023895,84.267838
"2019-10-11",294.143433,40.736683,111.000885,139.092804,115.123505,110.394951,84.603294,140.029999,37.386604,84.00029
"2019-10-18",295.831909,41.130936,111.050491,138.241058,115.442062,110.756706,84.915306,140.460007,37.90741,84.059761
"2019-10-25",299.495239,41.584332,110.683464,137.191223,115.59137,110.92292,85.207817,141.860001,37.823708,83.990402
"2019-11-01",304.076904,42.165863,111.395378,139.454559,115.700897,111.466972,85.005547,142.559998,38.270115,84.129051
"2019-11-08",306.762695,42.441845,109.517761,133.848969,115.053741,110.250259,85.03492,137.389999,37.498207,83.970222
"2019-11-15",309.66568,42.50098,110.451607,136.676559,115.322571,110.436699,85.123039,138.210007,37.368,84.089333
"2019-11-22",308.806641,42.205288,110.958252,138.799713,115.989632,110.161949,84.878265,137.740005,37.433105,84.109184
"2019-11-29",312.084869,42.353138,110.839043,139.315628,115.870155,110.014771,85.123039,137.860001,37.758606,84.138954
